token;lemma
aiutidistato;aiutidistato
aiuti di stato;aiutidistato
aiuti statali;aiutidistato
aiuti covid;aiuticovid
aiuti-covid;aiuticovid
IndennitàCovid;aiuticovid
covid19;covid
covid2019;covid
covid_2019;covid
covid;covid
covid_19;covid
Covid19,mostriamo;covid
Covid19hnion;covid
Covid.;covid
Covid19;covid
Covid2019;covid
Covid_2019;covid
Covid;covid
Covid_19;covid
coronavirus;covid
corona;covid
corona virus;covid
coronavirusitalia;covid
coronarvirusitaliare;covid
CoronaVirusitaly;covid
coronavirusitaly;covid
CORONAVIRUS;covid
CoronaVirusChallenge;covid
cura italia;curaitalia
cura-italia;curaitalia
Curaitalia;curaitalia
Cura-Italia;curaitalia
DLCuraItalia;curaitalia
DL-Curaitalia;curaitalia
dl curaitalia;curaitalia
decreto cura-italia;curaitalia
decreto_cura_italia;curaitalia
decreto curaitalia;curaitalia
cura_italia;curaitalia
Cura_Italia;curaitalia
DLCURAITALIA;curaitalia
Cura_Italia;curaitalia
DLLiquidità;liquidità_dl
dl liqudità;liquidità_dl
decretoLiquidità;liquidità_dl
DecretoLiquidità;liquidità_dl
dl-liquidità;liquidità_dl
decreto liquidità;liquidità_dl
decreto-liquidità;liquidità_dl
decreto_liquidità;liquidità_dl
dl_liquidità;liquidità_dl
DL_Liquidità;liquidità_dl
DECRETO LIQUIDITA';liquidità_dl
DECRETO LIQUIDITA';liquidità_dl
DLRilancio;rilancio_dl
dl rilancio;rilancio_dl
decretoRilancio;rilancio_dl
DecretoRIlancio;rilancio_dl
dl-rilancio;rilancio_dl
decreto rilancio;rilancio_dl
decreto_rilancio;rilancio_dl
decreto-rilancio;rilancio_dl
dl_rilancio;rilancio_dl
DL_Rilancio;rilancio_dl
DECRETO RILANCIO;rilancio_dl
DLAgosto;agosto_dl
dl agosto;agosto_dl
decretoAgosto;agosto_dl
DecretoAgosto;agosto_dl
dl-agosto;agosto_dl
decreto agosto;agosto_dl
decreto_agosto;agosto_dl
decreto-agosto;agosto_dl
dl_agosto;agosto_dl
DL_Agosto;agosto_dl
DECRETO AGOSTO;agosto_dl
DLRistori;ristori_dl
dl ristori;ristori_dl
decretoRistori;ristori_dl
DecretoRistori;ristori_dl
dl-ristori;ristori_dl
decreto ristori;ristori_dl
decreto_ristori;ristori_dl
decreto-ristori;ristori_dl
dl_ristori;ristori_dl
DL_Ristori;ristori_dl
DECRETO RISTORI;ristori_dl
DLRistore;ristori_dl
dl ristore;ristori_dl
decretoRistore;ristori_dl
DecretoRistore;ristori_dl
dl-ristore;ristori_dl
decreto ristore;ristori_dl
decreto_ristore;ristori_dl
decreto-ristore;ristori_dl
dl_ristore;ristori_dl
DL_Ristore;ristori_dl
DECRETO RISTORE;ristori_dl
DLRistori2;ristori2_dl
dl ristori2;ristori2_dl
decretoRistori2;ristori2_dl
DecretoRistori2;ristori2_dl
dl-ristori2;ristori2_dl
decreto ristori2;ristori2_dl
decreto_ristori2;ristori2_dl
decreto-ristori2;ristori2_dl
dl_ristori2;ristori2_dl
DL_Ristori2;ristori2_dl
DECRETO RISTORI2;ristori2_dl
DLRistori II;ristori2_dl
dl ristori II;ristori2_dl
decretoRistori II;ristori2_dl
DecretoRistori II;ristori2_dl
dl-ristori II;ristori2_dl
decreto ristori II;ristori2_dl
decreto_ristori II;ristori2_dl
decreto-ristori II;ristori2_dl
dl_ristori II;ristori2_dl
dl_ristori II;ristori2_dl
decreto ristori II;ristori2_dl
DLRistori BIS;ristori2_dl
dl ristori BIS;ristori2_dl
decretoRistori BIS;ristori2_dl
DecretoRistori BIS;ristori2_dl
dl-ristori BIS;ristori2_dl
decreto ristori BIS;ristori2_dl
decreto_ristori BIS;ristori2_dl
decreto-ristori BIS;ristori2_dl
dl_ristori BIS;ristori2_dl
dl_ristori BIS;ristori2_dl
decreto ristori BIS;ristori2_dl
DLRistoribis;ristori2_dl
dl ristoribis;ristori2_dl
decretoRistoribis;ristori2_dl
DecretoRistoribis;ristori2_dl
dl-ristoribis;ristori2_dl
decreto ristoribis;ristori2_dl
decreto_ristoribis;ristori2_dl
decreto-ristoribis;ristori2_dl
dl_ristoribis;ristori2_dl
dl_ristoribis;ristori2_dl
decreto ristoribis;ristori2_dl
DLRistoriBis;ristori2_dl
dl ristoriBis;ristori2_dl
decretoRistoriBis;ristori2_dl
DecretoRistoriBis;ristori2_dl
dl-ristoriBis;ristori2_dl
decreto ristoriBis;ristori2_dl
decreto_ristoriBis;ristori2_dl
decreto-ristoriBis;ristori2_dl
dl_ristoriBis;ristori2_dl
dl_ristoriBis;ristori2_dl
decreto ristoriBis;ristori2_dl
DLRistori3;ristori3_dl
dl ristori3;ristori3_dl
decretoRistori3;ristori3_dl
DecretoRistori3;ristori3_dl
dl-ristori3;ristori3_dl
decreto ristori3;ristori3_dl
decreto_ristori3;ristori3_dl
decreto-ristori3;ristori3_dl
dl_ristori3;ristori3_dl
DL_Ristori3;ristori3_dl
DECRETO RISTORI3;ristori3_dl
DLRistori III;ristori3_dl
dl ristori III;ristori3_dl
decretoRistori III;ristori3_dl
DecretoRistori III;ristori3_dl
dl-ristori III;ristori3_dl
decreto ristori III;ristori3_dl
decreto_ristori III;ristori3_dl
decreto-ristori III;ristori3_dl
dl_ristori III;ristori3_dl
dl_ristori III;ristori3_dl
decreto ristori III;ristori3_dl
DLRistori TER;ristori3_dl
dl ristori TER;ristori3_dl
decretoRistori TER;ristori3_dl
DecretoRistori TER;ristori3_dl
dl-ristori TER;ristori3_dl
decreto ristori TER;ristori3_dl
decreto_ristori TER;ristori3_dl
decreto-ristori TER;ristori3_dl
dl_ristori TER;ristori3_dl
dl_ristori TER;ristori3_dl
decreto ristori TER;ristori3_dl
DLRistoriter;ristori3_dl
dl ristoriter;ristori3_dl
decretoRistoriter;ristori3_dl
DecretoRistoriter;ristori3_dl
dl-ristoriter;ristori3_dl
decreto ristoriter;ristori3_dl
decreto_ristoriter;ristori3_dl
decreto-ristoriter;ristori3_dl
dl_ristoriter;ristori3_dl
dl_ristoriter;ristori3_dl
decreto ristoriter;ristori3_dl
DLRistoriTer;ristori3_dl
dl ristoriTer;ristori3_dl
decretoRistoriTer;ristori3_dl
DecretoRistoriTer;ristori3_dl
dl-ristoriTer;ristori3_dl
decreto ristoriTer;ristori3_dl
decreto_ristoriTer;ristori3_dl
decreto-ristoriTer;ristori3_dl
dl_ristoriTer;ristori3_dl
dl_ristoriTer;ristori3_dl
decreto ristoriTer;ristori3_dl
DLRistori4;ristori4_dl
dl ristori4;ristori4_dl
decretoRistori4;ristori4_dl
DecretoRistori4;ristori4_dl
dl-ristori4;ristori4_dl
decreto ristori4;ristori4_dl
decreto_ristori4;ristori4_dl
decreto-ristori4;ristori4_dl
dl_ristori4;ristori4_dl
DL_Ristori4;ristori4_dl
DECRETO RISTORI4;ristori4_dl
DLRistori IV;ristori4_dl
dl ristori IV;ristori4_dl
decretoRistori IV;ristori4_dl
DecretoRistori IV;ristori4_dl
dl-ristori IV;ristori4_dl
decreto ristori IV;ristori4_dl
decreto_ristori IV;ristori4_dl
decreto-ristori IV;ristori4_dl
dl_ristori IV;ristori4_dl
dl_ristori IV;ristori4_dl
decreto ristori IV;ristori4_dl
DLRistori QUATER;ristori4_dl
dl ristori QUATER;ristori4_dl
decretoRistori QUATER;ristori4_dl
DecretoRistori QUATER;ristori4_dl
dl-ristori QUATER;ristori4_dl
decreto ristori QUATER;ristori4_dl
decreto_ristori QUATER;ristori4_dl
decreto-ristori QUATER;ristori4_dl
dl_ristori QUATER;ristori4_dl
dl_ristori QUATER;ristori4_dl
decreto ristori QUATER;ristori4_dl
DLRistoriquater;ristori4_dl
dl ristoriquater;ristori4_dl
decretoRistoriquater;ristori4_dl
DecretoRistoriquater;ristori4_dl
dl-ristoriquater;ristori4_dl
decreto ristoriquater;ristori4_dl
decreto_ristoriquater;ristori4_dl
decreto-ristoriquater;ristori4_dl
dl_ristoriquater;ristori4_dl
dl_ristoriquater;ristori4_dl
decreto ristoriquater;ristori4_dl
DLRistoriQuater;ristori4_dl
dl ristoriQuater;ristori4_dl
decretoRistoriQuater;ristori4_dl
DecretoRistoriQuater;ristori4_dl
dl-ristoriQuater;ristori4_dl
decreto ristoriQuater;ristori4_dl
decreto_ristoriQuater;ristori4_dl
decreto-ristoriQuater;ristori4_dl
dl_ristoriQuater;ristori4_dl
dl_ristoriQuater;ristori4_dl
decreto ristoriQuater;ristori4_dl
DLSostegni;sostegni_dl
dl sostegni;sostegni_dl
decretoSostegni;sostegni_dl
decretoSostegni;sostegni_dl
dl-sostegni;sostegni_dl
dlSostegni;sostegni_dl
decreto sostegni;sostegni_dl
decreto_sostegni;sostegni_dl
decreto-sostegni;sostegni_dl
dl_sostegni;sostegni_dl
dl_sostegni;sostegni_dl
DECRETO SOSTEGNI;sostegni_dl
DLSostegno;sostegni_dl
dl sostegno;sostegni_dl
decretoSostegno;sostegni_dl
DecretoSostegno;sostegni_dl
dl-sostegno;sostegni_dl
dlSostegno;sostegni_dl
decreto sostegno;sostegni_dl
decreto_sostegno;sostegni_dl
decreto-sostegno;sostegni_dl
dl_sostegno;sostegni_dl
DL_Sostegno;sostegni_dl
DECRETO SOSTEGNO;sostegni_dl
DLSostegni 2;sostegni2_dl
dl sostegni 2;sostegni2_dl
decretoSostegni 2;sostegni2_dl
decretoSostegni 2;sostegni2_dl
dl-sostegni 2;sostegni2_dl
dlSostegni 2;sostegni2_dl
decreto sostegni 2;sostegni2_dl
decreto_sostegni 2;sostegni2_dl
decreto-sostegni 2;sostegni2_dl
dl_sostegni 2;sostegni2_dl
dl_sostegni 2;sostegni2_dl
DECRETO SOSTEGNI 2;sostegni2_dl
DLSostegni II;sostegni2_dl
dl sostegni II;sostegni2_dl
decretoSostegni II;sostegni2_dl
decretoSostegni II;sostegni2_dl
dl-sostegni II;sostegni2_dl
dlSostegni II;sostegni2_dl
decreto sostegni II;sostegni2_dl
decreto_sostegni II;sostegni2_dl
decreto-sostegni II;sostegni2_dl
dl_sostegni II;sostegni2_dl
dl_sostegni II;sostegni2_dl
DECRETO SOSTEGNI II;sostegni2_dl
DLSostegni2;sostegni2_dl
dl sostegni2;sostegni2_dl
decretoSostegni2;sostegni2_dl
decretoSostegni2;sostegni2_dl
dl-sostegni2;sostegni2_dl
dlSostegni2;sostegni2_dl
decreto sostegni2;sostegni2_dl
decreto_sostegni2;sostegni2_dl
decreto-sostegni2;sostegni2_dl
dl_sostegni2;sostegni2_dl
dl_sostegni2;sostegni2_dl
DECRETO SOSTEGNI2;sostegni2_dl
DLSostegni Bis;sostegni2_dl
dl sostegni Bis;sostegni2_dl
decretoSostegni Bis;sostegni2_dl
decretoSostegni Bis;sostegni2_dl
dl-sostegni Bis;sostegni2_dl
dlSostegni Bis;sostegni2_dl
decreto sostegni Bis;sostegni2_dl
decreto_sostegni Bis;sostegni2_dl
decreto-sostegni Bis;sostegni2_dl
dl_sostegni Bis;sostegni2_dl
dl_sostegni Bis;sostegni2_dl
DECRETO SOSTEGNI Bis;sostegni2_dl
DLSostegnibis;sostegni2_dl
dl sostegnibis;sostegni2_dl
decretoSostegnibis;sostegni2_dl
decretoSostegnibis;sostegni2_dl
dl-sostegnibis;sostegni2_dl
dlSostegnibis;sostegni2_dl
decreto sostegnibis;sostegni2_dl
decreto_sostegnibis;sostegni2_dl
decreto-sostegnibis;sostegni2_dl
dl_sostegnibis;sostegni2_dl
dl_sostegnibis;sostegni2_dl
DECRETO SOSTEGNIbis;sostegni2_dl
NextGeneration;nextgen
NextGenerationEU;nextgen
NextGenerationEu;nextgen
NGEU;nextgen
nextgen;nextgen
Next Generation Eu;nextgen
Next Generation;nextgen
piano nazionale di ripresa e resilienza;recoveryplan
piano nazionale ripresa e resilienza;recoveryplan
piano nazionale ripresa resilienza;recoveryplan
pnrr;recoveryplan
ripresa e resilienza;recoveryplan
Recovery Plan;recoveryplan
recovery plan;recoveryplan
recoveryplan;recoveryplan
recovery-plan;recoveryplan
Recovery Fund;recoveryplan
recovery fund;recoveryplan
recovery-fund;recoveryplan
recoveryfund;recoveryplan
REACT;react
React-EU;react
react;react
React;react
REACT-EU;react
react-eu;react
React-IT;react
fondo sociale europeo;esf
fse;esf
FSE;esf
european social fund;esf
lavoratore;lavoratori
aiutidistato;aiutidistato
aiuti_di_stato;aiutidistato
aiuti_statali;aiutidistato
aiuti_covid;aiuticovid
aiuti-covid;aiuticovid
IndennitàCovid;aiuticovid
covid19;covid
covid2019;covid
covid_2019;covid
covid;covid
covid_19;covid
Covid19,mostriamo;covid
Covid19hnion;covid
Covid.;covid
Covid19;covid
Covid2019;covid
Covid_2019;covid
Covid;covid
Covid_19;covid
coronavirus;covid
corona;covid
corona_virus;covid
coronavirusitalia;covid
coronarvirusitaliare;covid
CoronaVirusitaly;covid
coronavirusitaly;covid
CORONAVIRUS;covid
CoronaVirusChallenge;covid
cura_italia;curaitalia
cura-italia;curaitalia
Curaitalia;curaitalia
Cura-Italia;curaitalia
DLCuraItalia;curaitalia
DL-Curaitalia;curaitalia
dl_curaitalia;curaitalia
decreto_cura-italia;curaitalia
decreto_curaitalia;curaitalia
cura_italia;curaitalia
Cura_Italia;curaitalia
DLCURAITALIA;curaitalia
Cura_Italia;curaitalia
DLLiquidità;liquidità_dl
dl_liqudità;liquidità_dl
decretoLiquidità;liquidità_dl
DecretoLiquidità;liquidità_dl
dl-liquidità;liquidità_dl
decreto_liquidità;liquidità_dl
decreto-liquidità;liquidità_dl
decreto_liquidità;liquidità_dl
dl_liquidità;liquidità_dl
DL_Liquidità;liquidità_dl
DECRETO_LIQUIDITA';liquidità_dl
DECRETO_LIQUIDITA';liquidità_dl
DLRilancio;rilancio_dl
dl_rilancio;rilancio_dl
decretoRilancio;rilancio_dl
DecretoRIlancio;rilancio_dl
dl-rilancio;rilancio_dl
decreto_rilancio;rilancio_dl
decreto_rilancio;rilancio_dl
decreto-rilancio;rilancio_dl
dl_rilancio;rilancio_dl
DL_Rilancio;rilancio_dl
DECRETO_RILANCIO;rilancio_dl
DLAgosto;agosto_dl
dl_agosto;agosto_dl
decretoAgosto;agosto_dl
DecretoAgosto;agosto_dl
dl-agosto;agosto_dl
decreto_agosto;agosto_dl
decreto_agosto;agosto_dl
decreto-agosto;agosto_dl
dl_agosto;agosto_dl
DL_Agosto;agosto_dl
DECRETO_AGOSTO;agosto_dl
DLRistori;ristori_dl
dl_ristori;ristori_dl
decretoRistori;ristori_dl
DecretoRistori;ristori_dl
dl-ristori;ristori_dl
decreto_ristori;ristori_dl
decreto_ristori;ristori_dl
decreto-ristori;ristori_dl
dl_ristori;ristori_dl
DL_Ristori;ristori_dl
DECRETO_RISTORI;ristori_dl
DLRistore;ristori_dl
dl_ristore;ristori_dl
decretoRistore;ristori_dl
DecretoRistore;ristori_dl
dl-ristore;ristori_dl
decreto_ristore;ristori_dl
decreto_ristore;ristori_dl
decreto-ristore;ristori_dl
dl_ristore;ristori_dl
DL_Ristore;ristori_dl
DECRETO_RISTORE;ristori_dl
DLRistori2;ristori2_dl
dl_ristori2;ristori2_dl
decretoRistori2;ristori2_dl
DecretoRistori2;ristori2_dl
dl-ristori2;ristori2_dl
decreto_ristori2;ristori2_dl
decreto_ristori2;ristori2_dl
decreto-ristori2;ristori2_dl
dl_ristori2;ristori2_dl
DL_Ristori2;ristori2_dl
DECRETO_RISTORI2;ristori2_dl
DLRistori_II;ristori2_dl
dl_ristori_II;ristori2_dl
decretoRistori_II;ristori2_dl
DecretoRistori_II;ristori2_dl
dl-ristori_II;ristori2_dl
decreto_ristori_II;ristori2_dl
decreto_ristori_II;ristori2_dl
decreto-ristori_II;ristori2_dl
dl_ristori_II;ristori2_dl
dl_ristori_II;ristori2_dl
decreto_ristori_II;ristori2_dl
DLRistori_BIS;ristori2_dl
dl_ristori_BIS;ristori2_dl
decretoRistori_BIS;ristori2_dl
DecretoRistori_BIS;ristori2_dl
dl-ristori_BIS;ristori2_dl
decreto_ristori_BIS;ristori2_dl
decreto_ristori_BIS;ristori2_dl
decreto-ristori_BIS;ristori2_dl
dl_ristori_BIS;ristori2_dl
dl_ristori_BIS;ristori2_dl
decreto_ristori_BIS;ristori2_dl
DLRistoribis;ristori2_dl
dl_ristoribis;ristori2_dl
decretoRistoribis;ristori2_dl
DecretoRistoribis;ristori2_dl
dl-ristoribis;ristori2_dl
decreto_ristoribis;ristori2_dl
decreto_ristoribis;ristori2_dl
decreto-ristoribis;ristori2_dl
dl_ristoribis;ristori2_dl
dl_ristoribis;ristori2_dl
decreto_ristoribis;ristori2_dl
DLRistoriBis;ristori2_dl
dl_ristoriBis;ristori2_dl
decretoRistoriBis;ristori2_dl
DecretoRistoriBis;ristori2_dl
dl-ristoriBis;ristori2_dl
decreto_ristoriBis;ristori2_dl
decreto_ristoriBis;ristori2_dl
decreto-ristoriBis;ristori2_dl
dl_ristoriBis;ristori2_dl
dl_ristoriBis;ristori2_dl
decreto_ristoriBis;ristori2_dl
DLRistori3;ristori3_dl
dl_ristori3;ristori3_dl
decretoRistori3;ristori3_dl
DecretoRistori3;ristori3_dl
dl-ristori3;ristori3_dl
decreto_ristori3;ristori3_dl
decreto_ristori3;ristori3_dl
decreto-ristori3;ristori3_dl
dl_ristori3;ristori3_dl
DL_Ristori3;ristori3_dl
DECRETO_RISTORI3;ristori3_dl
DLRistori_III;ristori3_dl
dl_ristori_III;ristori3_dl
decretoRistori_III;ristori3_dl
DecretoRistori_III;ristori3_dl
dl-ristori_III;ristori3_dl
decreto_ristori_III;ristori3_dl
decreto_ristori_III;ristori3_dl
decreto-ristori_III;ristori3_dl
dl_ristori_III;ristori3_dl
dl_ristori_III;ristori3_dl
decreto_ristori_III;ristori3_dl
DLRistori_TER;ristori3_dl
dl_ristori_TER;ristori3_dl
decretoRistori_TER;ristori3_dl
DecretoRistori_TER;ristori3_dl
dl-ristori_TER;ristori3_dl
decreto_ristori_TER;ristori3_dl
decreto_ristori_TER;ristori3_dl
decreto-ristori_TER;ristori3_dl
dl_ristori_TER;ristori3_dl
dl_ristori_TER;ristori3_dl
decreto_ristori_TER;ristori3_dl
DLRistoriter;ristori3_dl
dl_ristoriter;ristori3_dl
decretoRistoriter;ristori3_dl
DecretoRistoriter;ristori3_dl
dl-ristoriter;ristori3_dl
decreto_ristoriter;ristori3_dl
decreto_ristoriter;ristori3_dl
decreto-ristoriter;ristori3_dl
dl_ristoriter;ristori3_dl
dl_ristoriter;ristori3_dl
decreto_ristoriter;ristori3_dl
DLRistoriTer;ristori3_dl
dl_ristoriTer;ristori3_dl
decretoRistoriTer;ristori3_dl
DecretoRistoriTer;ristori3_dl
dl-ristoriTer;ristori3_dl
decreto_ristoriTer;ristori3_dl
decreto_ristoriTer;ristori3_dl
decreto-ristoriTer;ristori3_dl
dl_ristoriTer;ristori3_dl
dl_ristoriTer;ristori3_dl
decreto_ristoriTer;ristori3_dl
DLRistori4;ristori4_dl
dl_ristori4;ristori4_dl
decretoRistori4;ristori4_dl
DecretoRistori4;ristori4_dl
dl-ristori4;ristori4_dl
decreto_ristori4;ristori4_dl
decreto_ristori4;ristori4_dl
decreto-ristori4;ristori4_dl
dl_ristori4;ristori4_dl
DL_Ristori4;ristori4_dl
DECRETO_RISTORI4;ristori4_dl
DLRistori_IV;ristori4_dl
dl_ristori_IV;ristori4_dl
decretoRistori_IV;ristori4_dl
DecretoRistori_IV;ristori4_dl
dl-ristori_IV;ristori4_dl
decreto_ristori_IV;ristori4_dl
decreto_ristori_IV;ristori4_dl
decreto-ristori_IV;ristori4_dl
dl_ristori_IV;ristori4_dl
dl_ristori_IV;ristori4_dl
decreto_ristori_IV;ristori4_dl
DLRistori_QUATER;ristori4_dl
dl_ristori_QUATER;ristori4_dl
decretoRistori_QUATER;ristori4_dl
DecretoRistori_QUATER;ristori4_dl
dl-ristori_QUATER;ristori4_dl
decreto_ristori_QUATER;ristori4_dl
decreto_ristori_QUATER;ristori4_dl
decreto-ristori_QUATER;ristori4_dl
dl_ristori_QUATER;ristori4_dl
dl_ristori_QUATER;ristori4_dl
decreto_ristori_QUATER;ristori4_dl
DLRistoriquater;ristori4_dl
dl_ristoriquater;ristori4_dl
decretoRistoriquater;ristori4_dl
DecretoRistoriquater;ristori4_dl
dl-ristoriquater;ristori4_dl
decreto_ristoriquater;ristori4_dl
decreto_ristoriquater;ristori4_dl
decreto-ristoriquater;ristori4_dl
dl_ristoriquater;ristori4_dl
dl_ristoriquater;ristori4_dl
decreto_ristoriquater;ristori4_dl
DLRistoriQuater;ristori4_dl
dl_ristoriQuater;ristori4_dl
decretoRistoriQuater;ristori4_dl
DecretoRistoriQuater;ristori4_dl
dl-ristoriQuater;ristori4_dl
decreto_ristoriQuater;ristori4_dl
decreto_ristoriQuater;ristori4_dl
decreto-ristoriQuater;ristori4_dl
dl_ristoriQuater;ristori4_dl
dl_ristoriQuater;ristori4_dl
decreto_ristoriQuater;ristori4_dl
DLSostegni;sostegni_dl
dl_sostegni;sostegni_dl
decretoSostegni;sostegni_dl
decretoSostegni;sostegni_dl
dl-sostegni;sostegni_dl
dlSostegni;sostegni_dl
decreto_sostegni;sostegni_dl
decreto_sostegni;sostegni_dl
decreto-sostegni;sostegni_dl
dl_sostegni;sostegni_dl
dl_sostegni;sostegni_dl
DECRETO_SOSTEGNI;sostegni_dl
DLSostegno;sostegni_dl
dl_sostegno;sostegni_dl
decretoSostegno;sostegni_dl
DecretoSostegno;sostegni_dl
dl-sostegno;sostegni_dl
dlSostegno;sostegni_dl
decreto_sostegno;sostegni_dl
decreto_sostegno;sostegni_dl
decreto-sostegno;sostegni_dl
dl_sostegno;sostegni_dl
DL_Sostegno;sostegni_dl
DECRETO_SOSTEGNO;sostegni_dl
DLSostegni_2;sostegni2_dl
dl_sostegni_2;sostegni2_dl
decretoSostegni_2;sostegni2_dl
decretoSostegni_2;sostegni2_dl
dl-sostegni_2;sostegni2_dl
dlSostegni_2;sostegni2_dl
decreto_sostegni_2;sostegni2_dl
decreto_sostegni_2;sostegni2_dl
decreto-sostegni_2;sostegni2_dl
dl_sostegni_2;sostegni2_dl
dl_sostegni_2;sostegni2_dl
DECRETO_SOSTEGNI_2;sostegni2_dl
DLSostegni_II;sostegni2_dl
dl_sostegni_II;sostegni2_dl
decretoSostegni_II;sostegni2_dl
decretoSostegni_II;sostegni2_dl
dl-sostegni_II;sostegni2_dl
dlSostegni_II;sostegni2_dl
decreto_sostegni_II;sostegni2_dl
decreto_sostegni_II;sostegni2_dl
decreto-sostegni_II;sostegni2_dl
dl_sostegni_II;sostegni2_dl
dl_sostegni_II;sostegni2_dl
DECRETO_SOSTEGNI_II;sostegni2_dl
DLSostegni2;sostegni2_dl
dl_sostegni2;sostegni2_dl
decretoSostegni2;sostegni2_dl
decretoSostegni2;sostegni2_dl
dl-sostegni2;sostegni2_dl
dlSostegni2;sostegni2_dl
decreto_sostegni2;sostegni2_dl
decreto_sostegni2;sostegni2_dl
decreto-sostegni2;sostegni2_dl
dl_sostegni2;sostegni2_dl
dl_sostegni2;sostegni2_dl
DECRETO_SOSTEGNI2;sostegni2_dl
DLSostegni_Bis;sostegni2_dl
dl_sostegni_Bis;sostegni2_dl
decretoSostegni_Bis;sostegni2_dl
decretoSostegni_Bis;sostegni2_dl
dl-sostegni_Bis;sostegni2_dl
dlSostegni_Bis;sostegni2_dl
decreto_sostegni_Bis;sostegni2_dl
decreto_sostegni_Bis;sostegni2_dl
decreto-sostegni_Bis;sostegni2_dl
dl_sostegni_Bis;sostegni2_dl
dl_sostegni_Bis;sostegni2_dl
DECRETO_SOSTEGNI_Bis;sostegni2_dl
DLSostegnibis;sostegni2_dl
dl_sostegnibis;sostegni2_dl
decretoSostegnibis;sostegni2_dl
decretoSostegnibis;sostegni2_dl
dl-sostegnibis;sostegni2_dl
dlSostegnibis;sostegni2_dl
decreto_sostegnibis;sostegni2_dl
decreto_sostegnibis;sostegni2_dl
decreto-sostegnibis;sostegni2_dl
dl_sostegnibis;sostegni2_dl
dl_sostegnibis;sostegni2_dl
DECRETO_SOSTEGNIbis;sostegni2_dl
NextGeneration;nextgen
NextGenerationEU;nextgen
NextGenerationEu;nextgen
NGEU;nextgen
nextgen;nextgen
Next_Generation_Eu;nextgen
Next_Generation;nextgen
piano_nazionale_di_ripresa_e_resilienza;recoveryplan
piano_nazionale_ripresa_e_resilienza;recoveryplan
piano_nazionale_ripresa_resilienza;recoveryplan
pnrr;recoveryplan
ripresa_e_resilienza;recoveryplan
Recovery_Plan;recoveryplan
recovery_plan;recoveryplan
recoveryplan;recoveryplan
recovery-plan;recoveryplan
Recovery_Fund;recoveryplan
recovery_fund;recoveryplan
recovery-fund;recoveryplan
recoveryfund;recoveryplan
REACT;react
React-EU;react
react;react
React;react
REACT-EU;react
react-eu;react
React-IT;react
fondo_sociale_europeo;esf
fse;esf
FSE;esf
european_social_fund;esf
